Model,MAE,MSE,RMSE,R2,Adj_R2,Training_Time
Random Forest,0.8975570406289046,1.5243332145386566,1.2346389004638791,0.9983163508500291,0.9982945481991662,13.875480890274048
Decision Tree,0.9554377432126135,1.861581060426802,1.3643976914473295,0.9979438554903246,0.9979172291585446,0.8170537948608398
SVR,1.5111845563563469,5.8162479613639215,2.411689855964884,0.9935758659309055,0.9934926757055503,14.404826164245605
Lasso,15.3506022540298,329.46143032420724,18.151072429038656,0.6361048543566545,0.6313925431181077,0.17548775672912598
ElasticNet,15.35184084213471,329.4966981515114,18.152043911127787,0.6360659005066067,0.6313530848297139,0.3844575881958008
Linear Regression,15.348048727678933,329.49813229695343,18.152083414775106,0.6360643164712191,0.6313514802816378,5.500028848648071
Ridge,15.349481143505916,329.5206655824776,18.152704084584137,0.6360394281156699,0.6313262696308368,2.2955899238586426
