Model,MAE,MSE,RMSE,R2,Adj_R2,Training_Time
Random Forest,0.9140018756970488,1.6523613046758459,1.285442065857441,0.9981749418830946,0.9981499770852392,14.257569551467896
Decision Tree,1.0293794428109544,2.148931431845896,1.4659234058592203,0.9976264726478009,0.9975940053910034,0.4727342128753662
SVR,1.3611616636827206,4.706270463532104,2.169394031413405,0.994801852908613,0.9947307479448,9.159974336624146
Lasso,10.87143247350288,175.0459336932608,13.230492571830453,0.8066591118939112,0.8040144201199617,0.0944826602935791
ElasticNet,10.873551167136975,175.07301051016483,13.231515805461022,0.8066292051390562,0.8039841042734278,0.1975724697113037
Linear Regression,10.874849206347418,175.0733015167507,13.231526802177846,0.8066288837178694,0.8039837784555509,3.5447745323181152
Ridge,10.873939653673466,175.07501704510292,13.231591629320446,0.8066269888907907,0.8039818577093112,1.5439772605895996
